,Algo1,Algo2,Algo3,Algo4,AlgoCheat1,AlgoCheat2,AlgoCheat3,AlgoComp1,AlgoComp2
0,1.2974471,1.4686719999999998,0.025167600000000068,0.06400640000000024,0.1416078999999999,1.4603437000000006,0.1579151000000003,0.052501300000000306,0.9662639999999998
