,Algo1,Algo2,Algo3,Algo4,AlgoCheat1,AlgoCheat2,AlgoCheat3,AlgoComp1,s3
0,1.3354969000000003,1.423041,0.022957399999999684,0.07096059999999982,0.3612651000000002,1.3672166,0.14647659999999973,0.05674519999999994,0.10448429999999931
